iter	Logloss
0	0.6879878941
1	0.6815359148
2	0.676502356
3	0.6715239941
4	0.6652874449
5	0.659131769
6	0.6543318026
7	0.6495882955
8	0.6436365333
9	0.6377620398
